{
  "type": "panel",
  "name": "SunBurst",
  "id": "grafana-sunburst-panel",

  "info": {
    "description": "SunBurst panel for grafana",
    "author": {
      "name": "SRA OSS, Inc. Japan",
      "url": "http://www.sraoss.co.jp/"
    },
    "keywords": ["sunburst", "panel"],
    "links": [
      {"name": "Project site", "url": "https://github.com/sraoss/grafana-sunburst-panel"},
      {"name": "Apache 2.0", "url": ""}
    ],
    "screenshots": [
    ],
    "version": "1.0",
    "updated": "2016-07-13"
  },

  "dependencies": {
    "grafanaVersion": "3.x.x",
    "plugins": [ ]
  }
}
